{"cameraMode":{"drawMode":0,"name":"Shaded","section":"Shading Mode"},"sceneLighting":true,"audioPlay":false,"sceneViewState":{"showFog":true,"showMaterialUpdate":false,"showSkybox":true,"showFlares":true,"showImageEffects":true,"showParticleSystems":true},"in2DMode":false,"pivot":{"x":-4.087535858154297,"y":0.7835526466369629,"z":11.865991592407227},"rotation":{"x":0.1479124277830124,"y":-0.415496289730072,"z":0.06867976486682892,"w":0.8948702812194824},"size":0.40877047181129458,"orthographic":false}